data,blur,noise,c,method,image_index,oracle_K,rel_primal_error_K
real,train,train,0.5,plain-FBHF,0,4000,0.0005852186004631221
real,train,train,0.5,plain-FBHF,1,4000,0.0009545731008984149
real,train,train,0.5,plain-FBHF,2,4000,0.00025493718567304313
real,train,train,0.5,plain-FBHF,3,4000,0.0008058315142989159
real,train,train,0.5,plain-FBHF,4,4000,6.438904529204592e-05
real,train,train,0.5,plain-FBHF,5,4000,0.0018435366218909621
real,train,train,0.5,plain-FBHF,6,4000,0.0002720423508435488
real,train,train,0.5,plain-FBHF,7,4000,0.002290684264153242
real,train,train,0.5,plain-FBHF,8,4000,0.00012365485599730164
real,train,train,0.5,plain-FBHF,9,4000,0.0007896280731074512
real,train,train,0.5,plain-FBHF,10,4000,0.00020272702386137098
real,train,train,0.5,plain-FBHF,11,4000,0.0010593788465484977
real,train,train,0.5,plain-FBHF,12,4000,0.000162826050654985
real,train,train,0.5,plain-FBHF,13,4000,0.0012465746840462089
real,train,train,0.5,plain-FBHF,14,4000,0.00023424014216288924
real,train,train,0.5,plain-FBHF,15,4000,0.0005117798573337495
real,train,train,0.5,plain-FBHF,16,4000,0.0008671101531945169
real,train,train,0.5,plain-FBHF,17,4000,0.00011716719018295407
real,train,train,0.5,plain-FBHF,18,4000,0.0008627860806882381
real,train,train,0.5,plain-FBHF,19,4000,0.0032077892683446407
real,train,train,0.5,plain-FBHF,20,4000,0.00010941296932287514
real,train,train,0.5,plain-FBHF,21,4000,0.003392081009224057
real,train,train,0.5,plain-FBHF,22,4000,0.0007577786454930902
real,train,train,0.5,plain-FBHF,23,4000,0.00013497502368409187
real,train,train,0.5,plain-FBHF,24,4000,0.0004009045660495758
real,train,train,0.5,plain-FBHF,25,4000,0.0009669465944170952
real,train,train,0.5,plain-FBHF,26,4000,0.002905695466324687
real,train,train,0.5,plain-FBHF,27,4000,0.000253249891102314
real,train,train,0.5,plain-FBHF,28,4000,0.0004913441953249276
real,train,train,0.5,plain-FBHF,29,4000,0.0008876581559889019
real,train,train,0.5,plain-FBHF,30,4000,0.0005499502876773477
real,train,train,0.5,plain-FBHF,31,4000,0.000126073689898476
real,train,train,0.5,plain-FBHF,32,4000,0.0005365574616007507
real,train,train,0.5,plain-FBHF,33,4000,0.0001740519073791802
real,train,train,0.5,plain-FBHF,34,4000,0.001775759388692677
real,train,train,0.5,plain-FBHF,35,4000,9.909775690175593e-05
real,train,train,0.5,plain-FBHF,36,4000,0.00027291863807477057
real,train,train,0.5,plain-FBHF,37,4000,0.0004062191874254495
real,train,train,0.5,plain-FBHF,38,4000,0.00013737795234192163
real,train,train,0.5,plain-FBHF,39,4000,0.0001773634139681235
real,train,train,0.5,plain-FBHF,40,4000,0.00011907936277566478
real,train,train,0.5,plain-FBHF,41,4000,0.0002665812207851559
real,train,train,0.5,plain-FBHF,42,4000,0.00275352387689054
real,train,train,0.5,plain-FBHF,43,4000,0.0003442970628384501
real,train,train,0.5,plain-FBHF,44,4000,0.001513990806415677
real,train,train,0.5,plain-FBHF,45,4000,0.0009854240342974663
real,train,train,0.5,plain-FBHF,46,4000,0.0017649184446781874
real,train,train,0.5,plain-FBHF,47,4000,0.00011921831901418045
real,train,train,0.5,plain-FBHF,48,4000,0.00028142918017692864
real,train,train,0.5,plain-FBHF,49,4000,0.00013237769599072635
real,train,train,0.5,plain-FBHF,50,4000,0.001752829528413713
real,train,train,0.5,plain-FBHF,51,4000,0.0021050593350082636
real,train,train,0.5,plain-FBHF,52,4000,0.003178916871547699
real,train,train,0.5,plain-FBHF,53,4000,0.0009815053781494498
real,train,train,0.5,plain-FBHF,54,4000,0.0007294895476661623
real,train,train,0.5,plain-FBHF,55,4000,0.0003205762186553329
real,train,train,0.5,plain-FBHF,56,4000,0.001098860870115459
real,train,train,0.5,plain-FBHF,57,4000,0.0030949944630265236
real,train,train,0.5,plain-FBHF,58,4000,0.0002157504641218111
real,train,train,0.5,plain-FBHF,59,4000,0.00028043551719747484
real,train,train,0.5,plain-FBHF,60,4000,0.00045005505671724677
real,train,train,0.5,plain-FBHF,61,4000,8.204041660064831e-05
real,train,train,0.5,plain-FBHF,62,4000,0.0019491622224450111
real,train,train,0.5,plain-FBHF,63,4000,0.0002083446306642145
real,train,train,0.5,line-search-FBHF,0,4526,0.0005828012945130467
real,train,train,0.5,line-search-FBHF,1,4526,0.0010430571855977178
real,train,train,0.5,line-search-FBHF,2,4526,0.0002687528030946851
real,train,train,0.5,line-search-FBHF,3,4526,0.0008262543706223369
real,train,train,0.5,line-search-FBHF,4,4526,2.5433571863686666e-05
real,train,train,0.5,line-search-FBHF,5,4526,0.0018593661952763796
real,train,train,0.5,line-search-FBHF,6,4526,2.4204140572692268e-05
real,train,train,0.5,line-search-FBHF,7,4526,0.002265691524371505
real,train,train,0.5,line-search-FBHF,8,4526,8.295744919450954e-05
real,train,train,0.5,line-search-FBHF,9,4526,0.0007101534283719957
real,train,train,0.5,line-search-FBHF,10,4526,0.00016859326569829136
real,train,train,0.5,line-search-FBHF,11,4526,0.0010036799358204007
real,train,train,0.5,line-search-FBHF,12,4526,6.565025978488848e-05
real,train,train,0.5,line-search-FBHF,13,4526,0.0010260213166475296
real,train,train,0.5,line-search-FBHF,14,4526,2.4576216674176976e-05
real,train,train,0.5,line-search-FBHF,15,4526,0.0004973479080945253
real,train,train,0.5,line-search-FBHF,16,4526,0.0007953797467052937
real,train,train,0.5,line-search-FBHF,17,4526,6.052573735360056e-05
real,train,train,0.5,line-search-FBHF,18,4526,0.0007858463213779032
real,train,train,0.5,line-search-FBHF,19,4526,0.003089679405093193
real,train,train,0.5,line-search-FBHF,20,4526,8.652811811771244e-05
real,train,train,0.5,line-search-FBHF,21,4526,0.0033331080339848995
real,train,train,0.5,line-search-FBHF,22,4526,0.0007335463305935264
real,train,train,0.5,line-search-FBHF,23,4526,8.041472756303847e-05
real,train,train,0.5,line-search-FBHF,24,4526,0.0004000448971055448
real,train,train,0.5,line-search-FBHF,25,4526,0.0009050613734871149
real,train,train,0.5,line-search-FBHF,26,4526,0.0029180641286075115
real,train,train,0.5,line-search-FBHF,27,4526,0.00013025646330788732
real,train,train,0.5,line-search-FBHF,28,4526,0.00015951532986946404
real,train,train,0.5,line-search-FBHF,29,4526,0.0006849936326034367
real,train,train,0.5,line-search-FBHF,30,4526,0.0005186990601941943
real,train,train,0.5,line-search-FBHF,31,4526,3.9172406104626134e-05
real,train,train,0.5,line-search-FBHF,32,4526,0.0005038261297158897
real,train,train,0.5,line-search-FBHF,33,4526,0.0001229929184773937
real,train,train,0.5,line-search-FBHF,34,4526,0.0017717930022627115
real,train,train,0.5,line-search-FBHF,35,4526,2.7450403649709187e-05
real,train,train,0.5,line-search-FBHF,36,4526,6.477243732661009e-05
real,train,train,0.5,line-search-FBHF,37,4526,0.00038155834772624075
real,train,train,0.5,line-search-FBHF,38,4526,3.9554255636176094e-05
real,train,train,0.5,line-search-FBHF,39,4526,1.1657260984065942e-05
real,train,train,0.5,line-search-FBHF,40,4526,0.00011716359585989267
real,train,train,0.5,line-search-FBHF,41,4526,2.94742585538188e-05
real,train,train,0.5,line-search-FBHF,42,4526,0.002736937953159213
real,train,train,0.5,line-search-FBHF,43,4526,0.0002943115832749754
real,train,train,0.5,line-search-FBHF,44,4526,0.001487978151999414
real,train,train,0.5,line-search-FBHF,45,4526,0.0009107773657888174
real,train,train,0.5,line-search-FBHF,46,4526,0.0017091712215915322
real,train,train,0.5,line-search-FBHF,47,4526,8.03653965704143e-05
real,train,train,0.5,line-search-FBHF,48,4526,0.00031202149693854153
real,train,train,0.5,line-search-FBHF,49,4526,0.00011340848141117021
real,train,train,0.5,line-search-FBHF,50,4526,0.0017283246852457523
real,train,train,0.5,line-search-FBHF,51,4526,0.0020229474175721407
real,train,train,0.5,line-search-FBHF,52,4526,0.003107671858742833
real,train,train,0.5,line-search-FBHF,53,4526,0.0009429552010260522
real,train,train,0.5,line-search-FBHF,54,4526,0.0006009392673149705
real,train,train,0.5,line-search-FBHF,55,4526,4.054862802149728e-05
real,train,train,0.5,line-search-FBHF,56,4526,0.0010735498508438468
real,train,train,0.5,line-search-FBHF,57,4526,0.003037849674001336
real,train,train,0.5,line-search-FBHF,58,4526,2.2621703465119936e-05
real,train,train,0.5,line-search-FBHF,59,4526,0.0003090602986048907
real,train,train,0.5,line-search-FBHF,60,4526,0.0002949053596239537
real,train,train,0.5,line-search-FBHF,61,4526,9.764268725120928e-06
real,train,train,0.5,line-search-FBHF,62,4526,0.001896573812700808
real,train,train,0.5,line-search-FBHF,63,4526,0.00018280840595252812
real,train,train,0.5,fixed-precond,0,4000,0.0001929273857967928
real,train,train,0.5,fixed-precond,1,4000,0.0002949025365523994
real,train,train,0.5,fixed-precond,2,4000,8.261256152763963e-05
real,train,train,0.5,fixed-precond,3,4000,0.00011202660971321166
real,train,train,0.5,fixed-precond,4,4000,9.27906803553924e-05
real,train,train,0.5,fixed-precond,5,4000,0.00025496463058516383
real,train,train,0.5,fixed-precond,6,4000,0.0004682870930992067
real,train,train,0.5,fixed-precond,7,4000,0.00022147587151266634
real,train,train,0.5,fixed-precond,8,4000,0.00014883140102028847
real,train,train,0.5,fixed-precond,9,4000,0.000205249511054717
real,train,train,0.5,fixed-precond,10,4000,0.00011521217675181106
real,train,train,0.5,fixed-precond,11,4000,0.00023478188086301088
real,train,train,0.5,fixed-precond,12,4000,0.00024945681798271835
real,train,train,0.5,fixed-precond,13,4000,0.0001545388367958367
real,train,train,0.5,fixed-precond,14,4000,0.0004248294862918556
real,train,train,0.5,fixed-precond,15,4000,0.00011846705456264317
real,train,train,0.5,fixed-precond,16,4000,0.0001951387239387259
real,train,train,0.5,fixed-precond,17,4000,0.00017353595467284322
real,train,train,0.5,fixed-precond,18,4000,0.00030035412055440247
real,train,train,0.5,fixed-precond,19,4000,0.000356796954292804
real,train,train,0.5,fixed-precond,20,4000,0.00011858463403768837
real,train,train,0.5,fixed-precond,21,4000,0.00034143528318963945
real,train,train,0.5,fixed-precond,22,4000,0.0003408632765058428
real,train,train,0.5,fixed-precond,23,4000,0.00017125076556112617
real,train,train,0.5,fixed-precond,24,4000,0.00024996514548547566
real,train,train,0.5,fixed-precond,25,4000,0.00015136525325942785
real,train,train,0.5,fixed-precond,26,4000,0.00042469604522921145
real,train,train,0.5,fixed-precond,27,4000,0.00037302172859199345
real,train,train,0.5,fixed-precond,28,4000,0.0006242779199965298
real,train,train,0.5,fixed-precond,29,4000,0.0007651879568584263
real,train,train,0.5,fixed-precond,30,4000,0.00018397362146060914
real,train,train,0.5,fixed-precond,31,4000,0.00019646210421342403
real,train,train,0.5,fixed-precond,32,4000,0.00037414702819660306
real,train,train,0.5,fixed-precond,33,4000,0.00020343968935776502
real,train,train,0.5,fixed-precond,34,4000,0.00015453014930244535
real,train,train,0.5,fixed-precond,35,4000,0.00015824871661607176
real,train,train,0.5,fixed-precond,36,4000,0.0003764543798752129
real,train,train,0.5,fixed-precond,37,4000,0.00023044290719553828
real,train,train,0.5,fixed-precond,38,4000,0.0001773354597389698
real,train,train,0.5,fixed-precond,39,4000,0.00027436341042630374
real,train,train,0.5,fixed-precond,40,4000,7.48962556826882e-05
real,train,train,0.5,fixed-precond,41,4000,0.00040801422437652946
real,train,train,0.5,fixed-precond,42,4000,0.00028912824927829206
real,train,train,0.5,fixed-precond,43,4000,0.00011705571523634717
real,train,train,0.5,fixed-precond,44,4000,0.00021530638332478702
real,train,train,0.5,fixed-precond,45,4000,0.0002248249511467293
real,train,train,0.5,fixed-precond,46,4000,0.0005730252014473081
real,train,train,0.5,fixed-precond,47,4000,0.00014050956815481186
real,train,train,0.5,fixed-precond,48,4000,9.960769966710359e-05
real,train,train,0.5,fixed-precond,49,4000,0.00013800212764181197
real,train,train,0.5,fixed-precond,50,4000,0.00030386491562239826
real,train,train,0.5,fixed-precond,51,4000,0.00021975298295728862
real,train,train,0.5,fixed-precond,52,4000,0.00017454635235480964
real,train,train,0.5,fixed-precond,53,4000,0.00016506953397765756
real,train,train,0.5,fixed-precond,54,4000,0.00013296978431753814
real,train,train,0.5,fixed-precond,55,4000,0.0005175425903871655
real,train,train,0.5,fixed-precond,56,4000,0.00015878333942964673
real,train,train,0.5,fixed-precond,57,4000,0.0001997335784835741
real,train,train,0.5,fixed-precond,58,4000,0.0004034246376249939
real,train,train,0.5,fixed-precond,59,4000,0.00013624057464767247
real,train,train,0.5,fixed-precond,60,4000,0.00047360570169985294
real,train,train,0.5,fixed-precond,61,4000,0.00014095201913733035
real,train,train,0.5,fixed-precond,62,4000,0.00022925756638869643
real,train,train,0.5,fixed-precond,63,4000,0.00010102870146511123
real,train,train,0.5,learned-warped-bv-c0.5,0,4000,0.00014549572370015085
real,train,train,0.5,learned-warped-bv-c0.5,1,4000,0.00011884426203323528
real,train,train,0.5,learned-warped-bv-c0.5,2,4000,7.893874862929806e-05
real,train,train,0.5,learned-warped-bv-c0.5,3,4000,6.02837790211197e-05
real,train,train,0.5,learned-warped-bv-c0.5,4,4000,5.0447713874746114e-05
real,train,train,0.5,learned-warped-bv-c0.5,5,4000,0.00012434611562639475
real,train,train,0.5,learned-warped-bv-c0.5,6,4000,0.00023958303791005164
real,train,train,0.5,learned-warped-bv-c0.5,7,4000,0.00020393090380821377
real,train,train,0.5,learned-warped-bv-c0.5,8,4000,7.791387179167941e-05
real,train,train,0.5,learned-warped-bv-c0.5,9,4000,0.00010038561595138162
real,train,train,0.5,learned-warped-bv-c0.5,10,4000,6.167421815916896e-05
real,train,train,0.5,learned-warped-bv-c0.5,11,4000,0.00014215035480447114
real,train,train,0.5,learned-warped-bv-c0.5,12,4000,0.0001149722738773562
real,train,train,0.5,learned-warped-bv-c0.5,13,4000,8.160938159562647e-05
real,train,train,0.5,learned-warped-bv-c0.5,14,4000,0.00019309972412884235
real,train,train,0.5,learned-warped-bv-c0.5,15,4000,0.00014348028344102204
real,train,train,0.5,learned-warped-bv-c0.5,16,4000,0.00010887299140449613
real,train,train,0.5,learned-warped-bv-c0.5,17,4000,7.675131928408518e-05
real,train,train,0.5,learned-warped-bv-c0.5,18,4000,0.0001766206551110372
real,train,train,0.5,learned-warped-bv-c0.5,19,4000,0.00018578965682536364
real,train,train,0.5,learned-warped-bv-c0.5,20,4000,6.395769742084667e-05
real,train,train,0.5,learned-warped-bv-c0.5,21,4000,0.00019877630984410644
real,train,train,0.5,learned-warped-bv-c0.5,22,4000,0.0002849391894415021
real,train,train,0.5,learned-warped-bv-c0.5,23,4000,8.327221439685673e-05
real,train,train,0.5,learned-warped-bv-c0.5,24,4000,9.970442624762654e-05
real,train,train,0.5,learned-warped-bv-c0.5,25,4000,9.350125037599355e-05
real,train,train,0.5,learned-warped-bv-c0.5,26,4000,0.0004408408422023058
real,train,train,0.5,learned-warped-bv-c0.5,27,4000,0.00015754764899611473
real,train,train,0.5,learned-warped-bv-c0.5,28,4000,0.0003527308290358633
real,train,train,0.5,learned-warped-bv-c0.5,29,4000,0.00041148916352540255
real,train,train,0.5,learned-warped-bv-c0.5,30,4000,7.634219946339726e-05
real,train,train,0.5,learned-warped-bv-c0.5,31,4000,9.536294965073466e-05
real,train,train,0.5,learned-warped-bv-c0.5,32,4000,0.00021179646137170494
real,train,train,0.5,learned-warped-bv-c0.5,33,4000,9.561323531670496e-05
real,train,train,0.5,learned-warped-bv-c0.5,34,4000,8.39100539451465e-05
real,train,train,0.5,learned-warped-bv-c0.5,35,4000,7.614457717863843e-05
real,train,train,0.5,learned-warped-bv-c0.5,36,4000,0.00021675655443686992
real,train,train,0.5,learned-warped-bv-c0.5,37,4000,0.0001467258553020656
real,train,train,0.5,learned-warped-bv-c0.5,38,4000,7.216058293124661e-05
real,train,train,0.5,learned-warped-bv-c0.5,39,4000,0.0001441565837012604
real,train,train,0.5,learned-warped-bv-c0.5,40,4000,3.884549005306326e-05
real,train,train,0.5,learned-warped-bv-c0.5,41,4000,0.00021043788001406938
real,train,train,0.5,learned-warped-bv-c0.5,42,4000,0.0002863270347006619
real,train,train,0.5,learned-warped-bv-c0.5,43,4000,6.802891584811732e-05
real,train,train,0.5,learned-warped-bv-c0.5,44,4000,0.00010696969548007473
real,train,train,0.5,learned-warped-bv-c0.5,45,4000,0.0001270575448870659
real,train,train,0.5,learned-warped-bv-c0.5,46,4000,0.00035406043753027916
real,train,train,0.5,learned-warped-bv-c0.5,47,4000,5.9934231103397906e-05
real,train,train,0.5,learned-warped-bv-c0.5,48,4000,5.118672925163992e-05
real,train,train,0.5,learned-warped-bv-c0.5,49,4000,5.820795558975078e-05
real,train,train,0.5,learned-warped-bv-c0.5,50,4000,0.00015915803669486195
real,train,train,0.5,learned-warped-bv-c0.5,51,4000,0.0001315384724875912
real,train,train,0.5,learned-warped-bv-c0.5,52,4000,8.928197348723188e-05
real,train,train,0.5,learned-warped-bv-c0.5,53,4000,5.412937389337458e-05
real,train,train,0.5,learned-warped-bv-c0.5,54,4000,5.305622107698582e-05
real,train,train,0.5,learned-warped-bv-c0.5,55,4000,0.00023387724650092423
real,train,train,0.5,learned-warped-bv-c0.5,56,4000,8.344255184056237e-05
real,train,train,0.5,learned-warped-bv-c0.5,57,4000,0.00021037779515609145
real,train,train,0.5,learned-warped-bv-c0.5,58,4000,0.00016631292237434536
real,train,train,0.5,learned-warped-bv-c0.5,59,4000,6.781112460885197e-05
real,train,train,0.5,learned-warped-bv-c0.5,60,4000,0.00024190483964048326
real,train,train,0.5,learned-warped-bv-c0.5,61,4000,6.683418177999556e-05
real,train,train,0.5,learned-warped-bv-c0.5,62,4000,0.00018764448759611696
real,train,train,0.5,learned-warped-bv-c0.5,63,4000,5.202931060921401e-05
real,train,train,0.5,learned-warped-opcap-c0.5,0,4000,0.00014549572370015085
real,train,train,0.5,learned-warped-opcap-c0.5,1,4000,0.00011884426203323528
real,train,train,0.5,learned-warped-opcap-c0.5,2,4000,7.893874862929806e-05
real,train,train,0.5,learned-warped-opcap-c0.5,3,4000,6.02837790211197e-05
real,train,train,0.5,learned-warped-opcap-c0.5,4,4000,5.0447713874746114e-05
real,train,train,0.5,learned-warped-opcap-c0.5,5,4000,0.00012434611562639475
real,train,train,0.5,learned-warped-opcap-c0.5,6,4000,0.00023958303791005164
real,train,train,0.5,learned-warped-opcap-c0.5,7,4000,0.00020393090380821377
real,train,train,0.5,learned-warped-opcap-c0.5,8,4000,7.791387179167941e-05
real,train,train,0.5,learned-warped-opcap-c0.5,9,4000,0.00010038561595138162
real,train,train,0.5,learned-warped-opcap-c0.5,10,4000,6.167421815916896e-05
real,train,train,0.5,learned-warped-opcap-c0.5,11,4000,0.00014215035480447114
real,train,train,0.5,learned-warped-opcap-c0.5,12,4000,0.0001149722738773562
real,train,train,0.5,learned-warped-opcap-c0.5,13,4000,8.160938159562647e-05
real,train,train,0.5,learned-warped-opcap-c0.5,14,4000,0.00019309972412884235
real,train,train,0.5,learned-warped-opcap-c0.5,15,4000,0.00014348028344102204
real,train,train,0.5,learned-warped-opcap-c0.5,16,4000,0.00010887299140449613
real,train,train,0.5,learned-warped-opcap-c0.5,17,4000,7.675131928408518e-05
real,train,train,0.5,learned-warped-opcap-c0.5,18,4000,0.0001766206551110372
real,train,train,0.5,learned-warped-opcap-c0.5,19,4000,0.00018578965682536364
real,train,train,0.5,learned-warped-opcap-c0.5,20,4000,6.395769742084667e-05
real,train,train,0.5,learned-warped-opcap-c0.5,21,4000,0.00019877630984410644
real,train,train,0.5,learned-warped-opcap-c0.5,22,4000,0.0002849391894415021
real,train,train,0.5,learned-warped-opcap-c0.5,23,4000,8.327221439685673e-05
real,train,train,0.5,learned-warped-opcap-c0.5,24,4000,9.970442624762654e-05
real,train,train,0.5,learned-warped-opcap-c0.5,25,4000,9.350125037599355e-05
real,train,train,0.5,learned-warped-opcap-c0.5,26,4000,0.0004408408422023058
real,train,train,0.5,learned-warped-opcap-c0.5,27,4000,0.00015754764899611473
real,train,train,0.5,learned-warped-opcap-c0.5,28,4000,0.0003527308290358633
real,train,train,0.5,learned-warped-opcap-c0.5,29,4000,0.00041148916352540255
real,train,train,0.5,learned-warped-opcap-c0.5,30,4000,7.634219946339726e-05
real,train,train,0.5,learned-warped-opcap-c0.5,31,4000,9.536294965073466e-05
real,train,train,0.5,learned-warped-opcap-c0.5,32,4000,0.00021179646137170494
real,train,train,0.5,learned-warped-opcap-c0.5,33,4000,9.561323531670496e-05
real,train,train,0.5,learned-warped-opcap-c0.5,34,4000,8.39100539451465e-05
real,train,train,0.5,learned-warped-opcap-c0.5,35,4000,7.614457717863843e-05
real,train,train,0.5,learned-warped-opcap-c0.5,36,4000,0.00021675655443686992
real,train,train,0.5,learned-warped-opcap-c0.5,37,4000,0.0001467258553020656
real,train,train,0.5,learned-warped-opcap-c0.5,38,4000,7.216058293124661e-05
real,train,train,0.5,learned-warped-opcap-c0.5,39,4000,0.0001441565837012604
real,train,train,0.5,learned-warped-opcap-c0.5,40,4000,3.884549005306326e-05
real,train,train,0.5,learned-warped-opcap-c0.5,41,4000,0.00021043788001406938
real,train,train,0.5,learned-warped-opcap-c0.5,42,4000,0.0002863270347006619
real,train,train,0.5,learned-warped-opcap-c0.5,43,4000,6.802891584811732e-05
real,train,train,0.5,learned-warped-opcap-c0.5,44,4000,0.00010696969548007473
real,train,train,0.5,learned-warped-opcap-c0.5,45,4000,0.0001270575448870659
real,train,train,0.5,learned-warped-opcap-c0.5,46,4000,0.00035406043753027916
real,train,train,0.5,learned-warped-opcap-c0.5,47,4000,5.9934231103397906e-05
real,train,train,0.5,learned-warped-opcap-c0.5,48,4000,5.118672925163992e-05
real,train,train,0.5,learned-warped-opcap-c0.5,49,4000,5.820795558975078e-05
real,train,train,0.5,learned-warped-opcap-c0.5,50,4000,0.00015915803669486195
real,train,train,0.5,learned-warped-opcap-c0.5,51,4000,0.0001315384724875912
real,train,train,0.5,learned-warped-opcap-c0.5,52,4000,8.928197348723188e-05
real,train,train,0.5,learned-warped-opcap-c0.5,53,4000,5.412937389337458e-05
real,train,train,0.5,learned-warped-opcap-c0.5,54,4000,5.305622107698582e-05
real,train,train,0.5,learned-warped-opcap-c0.5,55,4000,0.00023387724650092423
real,train,train,0.5,learned-warped-opcap-c0.5,56,4000,8.344255184056237e-05
real,train,train,0.5,learned-warped-opcap-c0.5,57,4000,0.00021037779515609145
real,train,train,0.5,learned-warped-opcap-c0.5,58,4000,0.00016631292237434536
real,train,train,0.5,learned-warped-opcap-c0.5,59,4000,6.781112460885197e-05
real,train,train,0.5,learned-warped-opcap-c0.5,60,4000,0.00024190483964048326
real,train,train,0.5,learned-warped-opcap-c0.5,61,4000,6.683418177999556e-05
real,train,train,0.5,learned-warped-opcap-c0.5,62,4000,0.00018764448759611696
real,train,train,0.5,learned-warped-opcap-c0.5,63,4000,5.202931060921401e-05
real,train,train,0.5,Condat-Vu/PDHG,0,3999,8.656497811898589e-05
real,train,train,0.5,Condat-Vu/PDHG,1,3999,6.367410969687626e-05
real,train,train,0.5,Condat-Vu/PDHG,2,3999,2.2060421542846598e-05
real,train,train,0.5,Condat-Vu/PDHG,3,3999,2.7864263756782748e-05
real,train,train,0.5,Condat-Vu/PDHG,4,3999,2.5515610104775988e-05
real,train,train,0.5,Condat-Vu/PDHG,5,3999,6.166635284898803e-05
real,train,train,0.5,Condat-Vu/PDHG,6,3999,0.00011113590880995616
real,train,train,0.5,Condat-Vu/PDHG,7,3999,6.39887002762407e-05
real,train,train,0.5,Condat-Vu/PDHG,8,3999,4.3409545469330624e-05
real,train,train,0.5,Condat-Vu/PDHG,9,3999,5.33950915269088e-05
real,train,train,0.5,Condat-Vu/PDHG,10,3999,3.207942427252419e-05
real,train,train,0.5,Condat-Vu/PDHG,11,3999,9.855809184955433e-05
real,train,train,0.5,Condat-Vu/PDHG,12,3999,6.213734013726935e-05
real,train,train,0.5,Condat-Vu/PDHG,13,3999,5.2379167755134404e-05
real,train,train,0.5,Condat-Vu/PDHG,14,3999,8.72973760124296e-05
real,train,train,0.5,Condat-Vu/PDHG,15,3999,8.192718087229878e-05
real,train,train,0.5,Condat-Vu/PDHG,16,3999,7.008350075921044e-05
real,train,train,0.5,Condat-Vu/PDHG,17,3999,3.946730066672899e-05
real,train,train,0.5,Condat-Vu/PDHG,18,3999,0.00017079284589271992
real,train,train,0.5,Condat-Vu/PDHG,19,3999,0.0001146854119724594
real,train,train,0.5,Condat-Vu/PDHG,20,3999,3.728220326593146e-05
real,train,train,0.5,Condat-Vu/PDHG,21,3999,8.763844380155206e-05
real,train,train,0.5,Condat-Vu/PDHG,22,3999,0.00023726184736005962
real,train,train,0.5,Condat-Vu/PDHG,23,3999,4.6587709221057594e-05
real,train,train,0.5,Condat-Vu/PDHG,24,3999,5.653585321852006e-05
real,train,train,0.5,Condat-Vu/PDHG,25,3999,5.3252108045853674e-05
real,train,train,0.5,Condat-Vu/PDHG,26,3999,0.00015868178161326796
real,train,train,0.5,Condat-Vu/PDHG,27,3999,7.657930109417066e-05
real,train,train,0.5,Condat-Vu/PDHG,28,3999,0.0001700264838291332
real,train,train,0.5,Condat-Vu/PDHG,29,3999,0.00022922694915905595
real,train,train,0.5,Condat-Vu/PDHG,30,3999,4.308241477701813e-05
real,train,train,0.5,Condat-Vu/PDHG,31,3999,5.700655310647562e-05
real,train,train,0.5,Condat-Vu/PDHG,32,3999,9.805336594581604e-05
real,train,train,0.5,Condat-Vu/PDHG,33,3999,4.02856785512995e-05
real,train,train,0.5,Condat-Vu/PDHG,34,3999,4.849552715313621e-05
real,train,train,0.5,Condat-Vu/PDHG,35,3999,3.645254400908016e-05
real,train,train,0.5,Condat-Vu/PDHG,36,3999,0.00011424165131757036
real,train,train,0.5,Condat-Vu/PDHG,37,3999,5.2241241064621136e-05
real,train,train,0.5,Condat-Vu/PDHG,38,3999,3.646924233180471e-05
real,train,train,0.5,Condat-Vu/PDHG,39,3999,6.748371379217133e-05
real,train,train,0.5,Condat-Vu/PDHG,40,3999,2.3155160306487232e-05
real,train,train,0.5,Condat-Vu/PDHG,41,3999,0.00011149032798130065
real,train,train,0.5,Condat-Vu/PDHG,42,3999,9.445916657568887e-05
real,train,train,0.5,Condat-Vu/PDHG,43,3999,3.847009429591708e-05
real,train,train,0.5,Condat-Vu/PDHG,44,3999,5.82083739573136e-05
real,train,train,0.5,Condat-Vu/PDHG,45,3999,6.117759039625525e-05
real,train,train,0.5,Condat-Vu/PDHG,46,3999,0.00022575502225663513
real,train,train,0.5,Condat-Vu/PDHG,47,3999,3.206363180652261e-05
real,train,train,0.5,Condat-Vu/PDHG,48,3999,3.557640593498945e-05
real,train,train,0.5,Condat-Vu/PDHG,49,3999,2.486356970621273e-05
real,train,train,0.5,Condat-Vu/PDHG,50,3999,7.95658488641493e-05
real,train,train,0.5,Condat-Vu/PDHG,51,3999,5.821538434247486e-05
real,train,train,0.5,Condat-Vu/PDHG,52,3999,6.491179374279454e-05
real,train,train,0.5,Condat-Vu/PDHG,53,3999,4.135742346988991e-05
real,train,train,0.5,Condat-Vu/PDHG,54,3999,2.773849519144278e-05
real,train,train,0.5,Condat-Vu/PDHG,55,3999,0.00012526287173386663
real,train,train,0.5,Condat-Vu/PDHG,56,3999,4.481056748772971e-05
real,train,train,0.5,Condat-Vu/PDHG,57,3999,7.881972851464525e-05
real,train,train,0.5,Condat-Vu/PDHG,58,3999,7.71005725255236e-05
real,train,train,0.5,Condat-Vu/PDHG,59,3999,3.6942499718861654e-05
real,train,train,0.5,Condat-Vu/PDHG,60,3999,9.72438501776196e-05
real,train,train,0.5,Condat-Vu/PDHG,61,3999,3.552719499566592e-05
real,train,train,0.5,Condat-Vu/PDHG,62,3999,8.119728590827435e-05
real,train,train,0.5,Condat-Vu/PDHG,63,3999,2.716931157920044e-05
synthetic,train,train,0.5,plain-FBHF,0,4000,0.0021461411379277706
synthetic,train,train,0.5,plain-FBHF,1,4000,0.0024948876816779375
synthetic,train,train,0.5,plain-FBHF,2,4000,0.027695082128047943
synthetic,train,train,0.5,plain-FBHF,3,4000,0.004112726077437401
synthetic,train,train,0.5,plain-FBHF,4,4000,0.0037832960952073336
synthetic,train,train,0.5,plain-FBHF,5,4000,0.026668719947338104
synthetic,train,train,0.5,plain-FBHF,6,4000,0.0006721117533743382
synthetic,train,train,0.5,plain-FBHF,7,4000,0.0024029496125876904
synthetic,train,train,0.5,plain-FBHF,8,4000,0.00855596736073494
synthetic,train,train,0.5,plain-FBHF,9,4000,0.00311393104493618
synthetic,train,train,0.5,plain-FBHF,10,4000,0.016540514305233955
synthetic,train,train,0.5,plain-FBHF,11,4000,0.004890803713351488
synthetic,train,train,0.5,plain-FBHF,12,4000,0.002597528975456953
synthetic,train,train,0.5,plain-FBHF,13,4000,0.007644071709364653
synthetic,train,train,0.5,plain-FBHF,14,4000,0.01484381128102541
synthetic,train,train,0.5,plain-FBHF,15,4000,0.03558436036109924
synthetic,train,train,0.5,plain-FBHF,16,4000,0.005208831280469894
synthetic,train,train,0.5,plain-FBHF,17,4000,0.0058995638974010944
synthetic,train,train,0.5,plain-FBHF,18,4000,0.0026885762345045805
synthetic,train,train,0.5,plain-FBHF,19,4000,0.021062267944216728
synthetic,train,train,0.5,plain-FBHF,20,4000,0.007289375178515911
synthetic,train,train,0.5,plain-FBHF,21,4000,0.017673881724476814
synthetic,train,train,0.5,plain-FBHF,22,4000,0.00913305301219225
synthetic,train,train,0.5,plain-FBHF,23,4000,0.003981165122240782
synthetic,train,train,0.5,plain-FBHF,24,4000,0.003043991979211569
synthetic,train,train,0.5,plain-FBHF,25,4000,0.003958331421017647
synthetic,train,train,0.5,plain-FBHF,26,4000,0.034023184329271317
synthetic,train,train,0.5,plain-FBHF,27,4000,0.006197006907314062
synthetic,train,train,0.5,plain-FBHF,28,4000,0.004150789231061935
synthetic,train,train,0.5,plain-FBHF,29,4000,0.0050767590291798115
synthetic,train,train,0.5,plain-FBHF,30,4000,0.016514478251338005
synthetic,train,train,0.5,plain-FBHF,31,4000,0.007684128358960152
synthetic,train,train,0.5,plain-FBHF,32,4000,0.01093707513064146
synthetic,train,train,0.5,plain-FBHF,33,4000,0.002207502955570817
synthetic,train,train,0.5,plain-FBHF,34,4000,0.0045737880282104015
synthetic,train,train,0.5,plain-FBHF,35,4000,0.003289678366854787
synthetic,train,train,0.5,plain-FBHF,36,4000,0.0013233679346740246
synthetic,train,train,0.5,plain-FBHF,37,4000,0.008766354992985725
synthetic,train,train,0.5,plain-FBHF,38,4000,0.012744763866066933
synthetic,train,train,0.5,plain-FBHF,39,4000,0.000884954584762454
synthetic,train,train,0.5,plain-FBHF,40,4000,0.005549665540456772
synthetic,train,train,0.5,plain-FBHF,41,4000,0.002112011890858412
synthetic,train,train,0.5,plain-FBHF,42,4000,0.0016797404969111085
synthetic,train,train,0.5,plain-FBHF,43,4000,0.0028823798056691885
synthetic,train,train,0.5,plain-FBHF,44,4000,0.0034013756085187197
synthetic,train,train,0.5,plain-FBHF,45,4000,0.0014247966464608908
synthetic,train,train,0.5,plain-FBHF,46,4000,0.0027357868384569883
synthetic,train,train,0.5,plain-FBHF,47,4000,0.0020316834561526775
synthetic,train,train,0.5,plain-FBHF,48,4000,0.0021561067551374435
synthetic,train,train,0.5,plain-FBHF,49,4000,0.0012094407575204968
synthetic,train,train,0.5,plain-FBHF,50,4000,0.0027131368406116962
synthetic,train,train,0.5,plain-FBHF,51,4000,0.002834134269505739
synthetic,train,train,0.5,plain-FBHF,52,4000,0.001268942840397358
synthetic,train,train,0.5,plain-FBHF,53,4000,0.0018840542761608958
synthetic,train,train,0.5,plain-FBHF,54,4000,0.004463660065084696
synthetic,train,train,0.5,plain-FBHF,55,4000,0.005211465060710907
synthetic,train,train,0.5,plain-FBHF,56,4000,0.0020187506452202797
synthetic,train,train,0.5,plain-FBHF,57,4000,0.0036084826570004225
synthetic,train,train,0.5,plain-FBHF,58,4000,0.005908808670938015
synthetic,train,train,0.5,plain-FBHF,59,4000,0.0020960140973329544
synthetic,train,train,0.5,plain-FBHF,60,4000,0.009703800082206726
synthetic,train,train,0.5,plain-FBHF,61,4000,0.0018903129966929555
synthetic,train,train,0.5,plain-FBHF,62,4000,0.00288068107329309
synthetic,train,train,0.5,plain-FBHF,63,4000,0.0009948158403858542
synthetic,train,train,0.5,line-search-FBHF,0,4526,0.002413368783891201
synthetic,train,train,0.5,line-search-FBHF,1,4526,0.0023138110991567373
synthetic,train,train,0.5,line-search-FBHF,2,4526,0.029874173924326897
synthetic,train,train,0.5,line-search-FBHF,3,4526,0.004771163687109947
synthetic,train,train,0.5,line-search-FBHF,4,4526,0.004364066291600466
synthetic,train,train,0.5,line-search-FBHF,5,4526,0.02931857481598854
synthetic,train,train,0.5,line-search-FBHF,6,4526,0.00016430344840046018
synthetic,train,train,0.5,line-search-FBHF,7,4526,0.002743565011769533
synthetic,train,train,0.5,line-search-FBHF,8,4526,0.009536118246614933
synthetic,train,train,0.5,line-search-FBHF,9,4526,0.003418710781261325
synthetic,train,train,0.5,line-search-FBHF,10,4526,0.01799837313592434
synthetic,train,train,0.5,line-search-FBHF,11,4526,0.007498300634324551
synthetic,train,train,0.5,line-search-FBHF,12,4526,0.0029787158127874136
synthetic,train,train,0.5,line-search-FBHF,13,4526,0.00883618462830782
synthetic,train,train,0.5,line-search-FBHF,14,4526,0.01683458313345909
synthetic,train,train,0.5,line-search-FBHF,15,4526,0.03869101405143738
synthetic,train,train,0.5,line-search-FBHF,16,4526,0.005732264835387468
synthetic,train,train,0.5,line-search-FBHF,17,4526,0.006564210634678602
synthetic,train,train,0.5,line-search-FBHF,18,4526,0.0029853000305593014
synthetic,train,train,0.5,line-search-FBHF,19,4526,0.02239924669265747
synthetic,train,train,0.5,line-search-FBHF,20,4526,0.00790279358625412
synthetic,train,train,0.5,line-search-FBHF,21,4526,0.020661357790231705
synthetic,train,train,0.5,line-search-FBHF,22,4526,0.00965902116149664
synthetic,train,train,0.5,line-search-FBHF,23,4526,0.005263727158308029
synthetic,train,train,0.5,line-search-FBHF,24,4526,0.0033805505372583866
synthetic,train,train,0.5,line-search-FBHF,25,4526,0.004443468991667032
synthetic,train,train,0.5,line-search-FBHF,26,4526,0.03642883896827698
synthetic,train,train,0.5,line-search-FBHF,27,4526,0.007378500886261463
synthetic,train,train,0.5,line-search-FBHF,28,4526,0.004966687876731157
synthetic,train,train,0.5,line-search-FBHF,29,4526,0.005908194463700056
synthetic,train,train,0.5,line-search-FBHF,30,4526,0.01771489530801773
synthetic,train,train,0.5,line-search-FBHF,31,4526,0.008464012295007706
synthetic,train,train,0.5,line-search-FBHF,32,4526,0.01178010180592537
synthetic,train,train,0.5,line-search-FBHF,33,4526,0.00234727724455297
synthetic,train,train,0.5,line-search-FBHF,34,4526,0.005041252821683884
synthetic,train,train,0.5,line-search-FBHF,35,4526,0.003742843633517623
synthetic,train,train,0.5,line-search-FBHF,36,4526,0.0012936809798702598
synthetic,train,train,0.5,line-search-FBHF,37,4526,0.009789792820811272
synthetic,train,train,0.5,line-search-FBHF,38,4526,0.01389453187584877
synthetic,train,train,0.5,line-search-FBHF,39,4526,0.0009079055744223297
synthetic,train,train,0.5,line-search-FBHF,40,4526,0.0062298886477947235
synthetic,train,train,0.5,line-search-FBHF,41,4526,0.0022769691422581673
synthetic,train,train,0.5,line-search-FBHF,42,4526,0.0014473168412223458
synthetic,train,train,0.5,line-search-FBHF,43,4526,0.0033362044487148523
synthetic,train,train,0.5,line-search-FBHF,44,4526,0.003730668453499675
synthetic,train,train,0.5,line-search-FBHF,45,4526,0.0013566422276198864
synthetic,train,train,0.5,line-search-FBHF,46,4526,0.003743076464161277
synthetic,train,train,0.5,line-search-FBHF,47,4526,0.0019189032027497888
synthetic,train,train,0.5,line-search-FBHF,48,4526,0.002441650489345193
synthetic,train,train,0.5,line-search-FBHF,49,4526,0.001295549445785582
synthetic,train,train,0.5,line-search-FBHF,50,4526,0.003415552666410804
synthetic,train,train,0.5,line-search-FBHF,51,4526,0.0031721494160592556
synthetic,train,train,0.5,line-search-FBHF,52,4526,0.0006145155057311058
synthetic,train,train,0.5,line-search-FBHF,53,4526,0.0016182669205591083
synthetic,train,train,0.5,line-search-FBHF,54,4526,0.004858169239014387
synthetic,train,train,0.5,line-search-FBHF,55,4526,0.005804139655083418
synthetic,train,train,0.5,line-search-FBHF,56,4526,0.0008853647741489112
synthetic,train,train,0.5,line-search-FBHF,57,4526,0.0032174070365726948
synthetic,train,train,0.5,line-search-FBHF,58,4526,0.00622168043628335
synthetic,train,train,0.5,line-search-FBHF,59,4526,0.00247550499625504
synthetic,train,train,0.5,line-search-FBHF,60,4526,0.01135526318103075
synthetic,train,train,0.5,line-search-FBHF,61,4526,0.0021813332568854094
synthetic,train,train,0.5,line-search-FBHF,62,4526,0.0036658791359514
synthetic,train,train,0.5,line-search-FBHF,63,4526,0.000648875255137682
synthetic,train,train,0.5,fixed-precond,0,4000,0.0014142144937068224
synthetic,train,train,0.5,fixed-precond,1,4000,0.0015015725512057543
synthetic,train,train,0.5,fixed-precond,2,4000,0.0018440489657223225
synthetic,train,train,0.5,fixed-precond,3,4000,0.0016232848865911365
synthetic,train,train,0.5,fixed-precond,4,4000,0.0007335934205912054
synthetic,train,train,0.5,fixed-precond,5,4000,0.002301718108355999
synthetic,train,train,0.5,fixed-precond,6,4000,0.0008420429658144712
synthetic,train,train,0.5,fixed-precond,7,4000,0.0011919511016458273
synthetic,train,train,0.5,fixed-precond,8,4000,0.0009899346623569727
synthetic,train,train,0.5,fixed-precond,9,4000,0.0012298461515456438
synthetic,train,train,0.5,fixed-precond,10,4000,0.0020254894625395536
synthetic,train,train,0.5,fixed-precond,11,4000,0.0015871317591518164
synthetic,train,train,0.5,fixed-precond,12,4000,0.001824181410484016
synthetic,train,train,0.5,fixed-precond,13,4000,0.0017329886322841048
synthetic,train,train,0.5,fixed-precond,14,4000,0.0014832168817520142
synthetic,train,train,0.5,fixed-precond,15,4000,0.0013872694689780474
synthetic,train,train,0.5,fixed-precond,16,4000,0.0014561775606125593
synthetic,train,train,0.5,fixed-precond,17,4000,0.0015662736259400845
synthetic,train,train,0.5,fixed-precond,18,4000,0.0013107993872836232
synthetic,train,train,0.5,fixed-precond,19,4000,0.002632473362609744
synthetic,train,train,0.5,fixed-precond,20,4000,0.0008515076478943229
synthetic,train,train,0.5,fixed-precond,21,4000,0.0009463163441978395
synthetic,train,train,0.5,fixed-precond,22,4000,0.001914706896059215
synthetic,train,train,0.5,fixed-precond,23,4000,0.002310575218871236
synthetic,train,train,0.5,fixed-precond,24,4000,0.0030039376579225063
synthetic,train,train,0.5,fixed-precond,25,4000,0.0013311189832165837
synthetic,train,train,0.5,fixed-precond,26,4000,0.0031921439804136753
synthetic,train,train,0.5,fixed-precond,27,4000,0.0011937851086258888
synthetic,train,train,0.5,fixed-precond,28,4000,0.0018844949081540108
synthetic,train,train,0.5,fixed-precond,29,4000,0.0016914396546781063
synthetic,train,train,0.5,fixed-precond,30,4000,0.0025421082973480225
synthetic,train,train,0.5,fixed-precond,31,4000,0.0019183141412213445
synthetic,train,train,0.5,fixed-precond,32,4000,0.002063496271148324
synthetic,train,train,0.5,fixed-precond,33,4000,0.0009265979169867933
synthetic,train,train,0.5,fixed-precond,34,4000,0.002325982553884387
synthetic,train,train,0.5,fixed-precond,35,4000,0.0007490049465559423
synthetic,train,train,0.5,fixed-precond,36,4000,0.001008003600873053
synthetic,train,train,0.5,fixed-precond,37,4000,0.0011675668647512794
synthetic,train,train,0.5,fixed-precond,38,4000,0.002558426931500435
synthetic,train,train,0.5,fixed-precond,39,4000,0.0005519997794181108
synthetic,train,train,0.5,fixed-precond,40,4000,0.0010807928629219532
synthetic,train,train,0.5,fixed-precond,41,4000,0.0007214641664177179
synthetic,train,train,0.5,fixed-precond,42,4000,0.001494289725087583
synthetic,train,train,0.5,fixed-precond,43,4000,0.0008729092078283429
synthetic,train,train,0.5,fixed-precond,44,4000,0.0013859968166798353
synthetic,train,train,0.5,fixed-precond,45,4000,0.0012547855731099844
synthetic,train,train,0.5,fixed-precond,46,4000,0.0013205211143940687
synthetic,train,train,0.5,fixed-precond,47,4000,0.0013039454352110624
synthetic,train,train,0.5,fixed-precond,48,4000,0.0008179650758393109
synthetic,train,train,0.5,fixed-precond,49,4000,0.0010361392050981522
synthetic,train,train,0.5,fixed-precond,50,4000,0.0008308022515848279
synthetic,train,train,0.5,fixed-precond,51,4000,0.001390712452121079
synthetic,train,train,0.5,fixed-precond,52,4000,0.0013458628673106432
synthetic,train,train,0.5,fixed-precond,53,4000,0.001410924713127315
synthetic,train,train,0.5,fixed-precond,54,4000,0.002149470616132021
synthetic,train,train,0.5,fixed-precond,55,4000,0.0014187066117301583
synthetic,train,train,0.5,fixed-precond,56,4000,0.0020379959605634212
synthetic,train,train,0.5,fixed-precond,57,4000,0.002852443140000105
synthetic,train,train,0.5,fixed-precond,58,4000,0.0009888657368719578
synthetic,train,train,0.5,fixed-precond,59,4000,0.0005725527880713344
synthetic,train,train,0.5,fixed-precond,60,4000,0.001653576153330505
synthetic,train,train,0.5,fixed-precond,61,4000,0.0003082703915424645
synthetic,train,train,0.5,fixed-precond,62,4000,0.001250773435458541
synthetic,train,train,0.5,fixed-precond,63,4000,0.0011032572947442532
synthetic,train,train,0.5,learned-warped-bv-c0.5,0,4000,0.0007077293121255934
synthetic,train,train,0.5,learned-warped-bv-c0.5,1,4000,0.0009232756565324962
synthetic,train,train,0.5,learned-warped-bv-c0.5,2,4000,0.0013677276438102126
synthetic,train,train,0.5,learned-warped-bv-c0.5,3,4000,0.0010587279684841633
synthetic,train,train,0.5,learned-warped-bv-c0.5,4,4000,0.00042630950338207185
synthetic,train,train,0.5,learned-warped-bv-c0.5,5,4000,0.0015014837263152003
synthetic,train,train,0.5,learned-warped-bv-c0.5,6,4000,0.0005260531324893236
synthetic,train,train,0.5,learned-warped-bv-c0.5,7,4000,0.0007177799707278609
synthetic,train,train,0.5,learned-warped-bv-c0.5,8,4000,0.0007583097321912646
synthetic,train,train,0.5,learned-warped-bv-c0.5,9,4000,0.0007853048155084252
synthetic,train,train,0.5,learned-warped-bv-c0.5,10,4000,0.0014324779622256756
synthetic,train,train,0.5,learned-warped-bv-c0.5,11,4000,0.0010675694793462753
synthetic,train,train,0.5,learned-warped-bv-c0.5,12,4000,0.0009543444029986858
synthetic,train,train,0.5,learned-warped-bv-c0.5,13,4000,0.0010882689384743571
synthetic,train,train,0.5,learned-warped-bv-c0.5,14,4000,0.0009870762005448341
synthetic,train,train,0.5,learned-warped-bv-c0.5,15,4000,0.0010168462758883834
synthetic,train,train,0.5,learned-warped-bv-c0.5,16,4000,0.0008661203901283443
synthetic,train,train,0.5,learned-warped-bv-c0.5,17,4000,0.0010390232782810926
synthetic,train,train,0.5,learned-warped-bv-c0.5,18,4000,0.000823659123852849
synthetic,train,train,0.5,learned-warped-bv-c0.5,19,4000,0.0019216479267925024
synthetic,train,train,0.5,learned-warped-bv-c0.5,20,4000,0.000682381447404623
synthetic,train,train,0.5,learned-warped-bv-c0.5,21,4000,0.0005342025542631745
synthetic,train,train,0.5,learned-warped-bv-c0.5,22,4000,0.0014358016196638346
synthetic,train,train,0.5,learned-warped-bv-c0.5,23,4000,0.0015121486503630877
synthetic,train,train,0.5,learned-warped-bv-c0.5,24,4000,0.0019177928334102035
synthetic,train,train,0.5,learned-warped-bv-c0.5,25,4000,0.000828468706458807
synthetic,train,train,0.5,learned-warped-bv-c0.5,26,4000,0.0030958063434809446
synthetic,train,train,0.5,learned-warped-bv-c0.5,27,4000,0.0008068979950621724
synthetic,train,train,0.5,learned-warped-bv-c0.5,28,4000,0.0010488965781405568
synthetic,train,train,0.5,learned-warped-bv-c0.5,29,4000,0.0010722114238888025
synthetic,train,train,0.5,learned-warped-bv-c0.5,30,4000,0.0016432530246675014
synthetic,train,train,0.5,learned-warped-bv-c0.5,31,4000,0.001306714490056038
synthetic,train,train,0.5,learned-warped-bv-c0.5,32,4000,0.0020143252331763506
synthetic,train,train,0.5,learned-warped-bv-c0.5,33,4000,0.000563839275855571
synthetic,train,train,0.5,learned-warped-bv-c0.5,34,4000,0.0014411909505724907
synthetic,train,train,0.5,learned-warped-bv-c0.5,35,4000,0.0004991958267055452
synthetic,train,train,0.5,learned-warped-bv-c0.5,36,4000,0.0006234645843505859
synthetic,train,train,0.5,learned-warped-bv-c0.5,37,4000,0.0010496372124180198
synthetic,train,train,0.5,learned-warped-bv-c0.5,38,4000,0.002104824874550104
synthetic,train,train,0.5,learned-warped-bv-c0.5,39,4000,0.00028143011149950325
synthetic,train,train,0.5,learned-warped-bv-c0.5,40,4000,0.0007540793158113956
synthetic,train,train,0.5,learned-warped-bv-c0.5,41,4000,0.000406820559874177
synthetic,train,train,0.5,learned-warped-bv-c0.5,42,4000,0.0007576478528790176
synthetic,train,train,0.5,learned-warped-bv-c0.5,43,4000,0.000615163124166429
synthetic,train,train,0.5,learned-warped-bv-c0.5,44,4000,0.0009076627902686596
synthetic,train,train,0.5,learned-warped-bv-c0.5,45,4000,0.000678373035043478
synthetic,train,train,0.5,learned-warped-bv-c0.5,46,4000,0.0007529167924076319
synthetic,train,train,0.5,learned-warped-bv-c0.5,47,4000,0.0008485381258651614
synthetic,train,train,0.5,learned-warped-bv-c0.5,48,4000,0.0004826966323889792
synthetic,train,train,0.5,learned-warped-bv-c0.5,49,4000,0.0006135934381745756
synthetic,train,train,0.5,learned-warped-bv-c0.5,50,4000,0.0004958465578965843
synthetic,train,train,0.5,learned-warped-bv-c0.5,51,4000,0.0007245318847708404
synthetic,train,train,0.5,learned-warped-bv-c0.5,52,4000,0.0008409029105678201
synthetic,train,train,0.5,learned-warped-bv-c0.5,53,4000,0.0008778274641372263
synthetic,train,train,0.5,learned-warped-bv-c0.5,54,4000,0.0012081776512786746
synthetic,train,train,0.5,learned-warped-bv-c0.5,55,4000,0.0010163640836253762
synthetic,train,train,0.5,learned-warped-bv-c0.5,56,4000,0.0012273861793801188
synthetic,train,train,0.5,learned-warped-bv-c0.5,57,4000,0.0015762147959321737
synthetic,train,train,0.5,learned-warped-bv-c0.5,58,4000,0.0008375358884222806
synthetic,train,train,0.5,learned-warped-bv-c0.5,59,4000,0.0003002086596097797
synthetic,train,train,0.5,learned-warped-bv-c0.5,60,4000,0.0009107416844926775
synthetic,train,train,0.5,learned-warped-bv-c0.5,61,4000,0.00013513876183424145
synthetic,train,train,0.5,learned-warped-bv-c0.5,62,4000,0.0007554317126050591
synthetic,train,train,0.5,learned-warped-bv-c0.5,63,4000,0.0006306295981630683
synthetic,train,train,0.5,learned-warped-opcap-c0.5,0,4000,0.0007077293121255934
synthetic,train,train,0.5,learned-warped-opcap-c0.5,1,4000,0.0009232756565324962
synthetic,train,train,0.5,learned-warped-opcap-c0.5,2,4000,0.0013677276438102126
synthetic,train,train,0.5,learned-warped-opcap-c0.5,3,4000,0.0010587279684841633
synthetic,train,train,0.5,learned-warped-opcap-c0.5,4,4000,0.00042630950338207185
synthetic,train,train,0.5,learned-warped-opcap-c0.5,5,4000,0.0015014837263152003
synthetic,train,train,0.5,learned-warped-opcap-c0.5,6,4000,0.0005260531324893236
synthetic,train,train,0.5,learned-warped-opcap-c0.5,7,4000,0.0007177799707278609
synthetic,train,train,0.5,learned-warped-opcap-c0.5,8,4000,0.0007583097321912646
synthetic,train,train,0.5,learned-warped-opcap-c0.5,9,4000,0.0007853048155084252
synthetic,train,train,0.5,learned-warped-opcap-c0.5,10,4000,0.0014324779622256756
synthetic,train,train,0.5,learned-warped-opcap-c0.5,11,4000,0.0010675694793462753
synthetic,train,train,0.5,learned-warped-opcap-c0.5,12,4000,0.0009543444029986858
synthetic,train,train,0.5,learned-warped-opcap-c0.5,13,4000,0.0010882689384743571
synthetic,train,train,0.5,learned-warped-opcap-c0.5,14,4000,0.0009870762005448341
synthetic,train,train,0.5,learned-warped-opcap-c0.5,15,4000,0.0010168462758883834
synthetic,train,train,0.5,learned-warped-opcap-c0.5,16,4000,0.0008661203901283443
synthetic,train,train,0.5,learned-warped-opcap-c0.5,17,4000,0.0010390232782810926
synthetic,train,train,0.5,learned-warped-opcap-c0.5,18,4000,0.000823659123852849
synthetic,train,train,0.5,learned-warped-opcap-c0.5,19,4000,0.0019216479267925024
synthetic,train,train,0.5,learned-warped-opcap-c0.5,20,4000,0.000682381447404623
synthetic,train,train,0.5,learned-warped-opcap-c0.5,21,4000,0.0005342025542631745
synthetic,train,train,0.5,learned-warped-opcap-c0.5,22,4000,0.0014358016196638346
synthetic,train,train,0.5,learned-warped-opcap-c0.5,23,4000,0.0015121486503630877
synthetic,train,train,0.5,learned-warped-opcap-c0.5,24,4000,0.0019177928334102035
synthetic,train,train,0.5,learned-warped-opcap-c0.5,25,4000,0.000828468706458807
synthetic,train,train,0.5,learned-warped-opcap-c0.5,26,4000,0.0030958063434809446
synthetic,train,train,0.5,learned-warped-opcap-c0.5,27,4000,0.0008068979950621724
synthetic,train,train,0.5,learned-warped-opcap-c0.5,28,4000,0.0010488965781405568
synthetic,train,train,0.5,learned-warped-opcap-c0.5,29,4000,0.0010722114238888025
synthetic,train,train,0.5,learned-warped-opcap-c0.5,30,4000,0.0016432530246675014
synthetic,train,train,0.5,learned-warped-opcap-c0.5,31,4000,0.001306714490056038
synthetic,train,train,0.5,learned-warped-opcap-c0.5,32,4000,0.0020143252331763506
synthetic,train,train,0.5,learned-warped-opcap-c0.5,33,4000,0.000563839275855571
synthetic,train,train,0.5,learned-warped-opcap-c0.5,34,4000,0.0014411909505724907
synthetic,train,train,0.5,learned-warped-opcap-c0.5,35,4000,0.0004991958267055452
synthetic,train,train,0.5,learned-warped-opcap-c0.5,36,4000,0.0006234645843505859
synthetic,train,train,0.5,learned-warped-opcap-c0.5,37,4000,0.0010496372124180198
synthetic,train,train,0.5,learned-warped-opcap-c0.5,38,4000,0.002104824874550104
synthetic,train,train,0.5,learned-warped-opcap-c0.5,39,4000,0.00028143011149950325
synthetic,train,train,0.5,learned-warped-opcap-c0.5,40,4000,0.0007540793158113956
synthetic,train,train,0.5,learned-warped-opcap-c0.5,41,4000,0.000406820559874177
synthetic,train,train,0.5,learned-warped-opcap-c0.5,42,4000,0.0007576478528790176
synthetic,train,train,0.5,learned-warped-opcap-c0.5,43,4000,0.000615163124166429
synthetic,train,train,0.5,learned-warped-opcap-c0.5,44,4000,0.0009076627902686596
synthetic,train,train,0.5,learned-warped-opcap-c0.5,45,4000,0.000678373035043478
synthetic,train,train,0.5,learned-warped-opcap-c0.5,46,4000,0.0007529167924076319
synthetic,train,train,0.5,learned-warped-opcap-c0.5,47,4000,0.0008485381258651614
synthetic,train,train,0.5,learned-warped-opcap-c0.5,48,4000,0.0004826966323889792
synthetic,train,train,0.5,learned-warped-opcap-c0.5,49,4000,0.0006135934381745756
synthetic,train,train,0.5,learned-warped-opcap-c0.5,50,4000,0.0004958465578965843
synthetic,train,train,0.5,learned-warped-opcap-c0.5,51,4000,0.0007245318847708404
synthetic,train,train,0.5,learned-warped-opcap-c0.5,52,4000,0.0008409029105678201
synthetic,train,train,0.5,learned-warped-opcap-c0.5,53,4000,0.0008778274641372263
synthetic,train,train,0.5,learned-warped-opcap-c0.5,54,4000,0.0012081776512786746
synthetic,train,train,0.5,learned-warped-opcap-c0.5,55,4000,0.0010163640836253762
synthetic,train,train,0.5,learned-warped-opcap-c0.5,56,4000,0.0012273861793801188
synthetic,train,train,0.5,learned-warped-opcap-c0.5,57,4000,0.0015762147959321737
synthetic,train,train,0.5,learned-warped-opcap-c0.5,58,4000,0.0008375358884222806
synthetic,train,train,0.5,learned-warped-opcap-c0.5,59,4000,0.0003002086596097797
synthetic,train,train,0.5,learned-warped-opcap-c0.5,60,4000,0.0009107416844926775
synthetic,train,train,0.5,learned-warped-opcap-c0.5,61,4000,0.00013513876183424145
synthetic,train,train,0.5,learned-warped-opcap-c0.5,62,4000,0.0007554317126050591
synthetic,train,train,0.5,learned-warped-opcap-c0.5,63,4000,0.0006306295981630683
synthetic,train,train,0.5,Condat-Vu/PDHG,0,3999,0.0003520044847391546
synthetic,train,train,0.5,Condat-Vu/PDHG,1,3999,0.000521134294103831
synthetic,train,train,0.5,Condat-Vu/PDHG,2,3999,0.0007853982970118523
synthetic,train,train,0.5,Condat-Vu/PDHG,3,3999,0.0007144896080717444
synthetic,train,train,0.5,Condat-Vu/PDHG,4,3999,0.0002459979150444269
synthetic,train,train,0.5,Condat-Vu/PDHG,5,3999,0.0008331245044246316
synthetic,train,train,0.5,Condat-Vu/PDHG,6,3999,0.00035792263224720955
synthetic,train,train,0.5,Condat-Vu/PDHG,7,3999,0.00039033268694765866
synthetic,train,train,0.5,Condat-Vu/PDHG,8,3999,0.0003447430790401995
synthetic,train,train,0.5,Condat-Vu/PDHG,9,3999,0.00038904970278963447
synthetic,train,train,0.5,Condat-Vu/PDHG,10,3999,0.0007507277769036591
synthetic,train,train,0.5,Condat-Vu/PDHG,11,3999,0.0007567508728243411
synthetic,train,train,0.5,Condat-Vu/PDHG,12,3999,0.0005586828920058906
synthetic,train,train,0.5,Condat-Vu/PDHG,13,3999,0.0006457532290369272
synthetic,train,train,0.5,Condat-Vu/PDHG,14,3999,0.0006075642304494977
synthetic,train,train,0.5,Condat-Vu/PDHG,15,3999,0.0004986175918020308
synthetic,train,train,0.5,Condat-Vu/PDHG,16,3999,0.0004531739396043122
synthetic,train,train,0.5,Condat-Vu/PDHG,17,3999,0.000579309999011457
synthetic,train,train,0.5,Condat-Vu/PDHG,18,3999,0.0004931851290166378
synthetic,train,train,0.5,Condat-Vu/PDHG,19,3999,0.0012119250604882836
synthetic,train,train,0.5,Condat-Vu/PDHG,20,3999,0.0003129069518763572
synthetic,train,train,0.5,Condat-Vu/PDHG,21,3999,0.0003081995528191328
synthetic,train,train,0.5,Condat-Vu/PDHG,22,3999,0.0008942688582465053
synthetic,train,train,0.5,Condat-Vu/PDHG,23,3999,0.0010526730911806226
synthetic,train,train,0.5,Condat-Vu/PDHG,24,3999,0.0012704997789114714
synthetic,train,train,0.5,Condat-Vu/PDHG,25,3999,0.00043720254325307906
synthetic,train,train,0.5,Condat-Vu/PDHG,26,3999,0.001124270260334015
synthetic,train,train,0.5,Condat-Vu/PDHG,27,3999,0.0005107955075800419
synthetic,train,train,0.5,Condat-Vu/PDHG,28,3999,0.0006950037204660475
synthetic,train,train,0.5,Condat-Vu/PDHG,29,3999,0.0007689411868341267
synthetic,train,train,0.5,Condat-Vu/PDHG,30,3999,0.0009481911547482014
synthetic,train,train,0.5,Condat-Vu/PDHG,31,3999,0.0008294740691781044
synthetic,train,train,0.5,Condat-Vu/PDHG,32,3999,0.000816924381069839
synthetic,train,train,0.5,Condat-Vu/PDHG,33,3999,0.0003967889060731977
synthetic,train,train,0.5,Condat-Vu/PDHG,34,3999,0.0008654945995658636
synthetic,train,train,0.5,Condat-Vu/PDHG,35,3999,0.0003237058699596673
synthetic,train,train,0.5,Condat-Vu/PDHG,36,3999,0.0003811561909969896
synthetic,train,train,0.5,Condat-Vu/PDHG,37,3999,0.00042499875416979194
synthetic,train,train,0.5,Condat-Vu/PDHG,38,3999,0.0009550258400849998
synthetic,train,train,0.5,Condat-Vu/PDHG,39,3999,0.00015870641800574958
synthetic,train,train,0.5,Condat-Vu/PDHG,40,3999,0.0004711026849690825
synthetic,train,train,0.5,Condat-Vu/PDHG,41,3999,0.00019813174731098115
synthetic,train,train,0.5,Condat-Vu/PDHG,42,3999,0.00037263473495841026
synthetic,train,train,0.5,Condat-Vu/PDHG,43,3999,0.000381205027224496
synthetic,train,train,0.5,Condat-Vu/PDHG,44,3999,0.0005280707846395671
synthetic,train,train,0.5,Condat-Vu/PDHG,45,3999,0.00038208733894862235
synthetic,train,train,0.5,Condat-Vu/PDHG,46,3999,0.0004679625271819532
synthetic,train,train,0.5,Condat-Vu/PDHG,47,3999,0.0004473802400752902
synthetic,train,train,0.5,Condat-Vu/PDHG,48,3999,0.0002479769173078239
synthetic,train,train,0.5,Condat-Vu/PDHG,49,3999,0.0003497534489724785
synthetic,train,train,0.5,Condat-Vu/PDHG,50,3999,0.0002993081579916179
synthetic,train,train,0.5,Condat-Vu/PDHG,51,3999,0.00043946621008217335
synthetic,train,train,0.5,Condat-Vu/PDHG,52,3999,0.0005358608905225992
synthetic,train,train,0.5,Condat-Vu/PDHG,53,3999,0.000562353350687772
synthetic,train,train,0.5,Condat-Vu/PDHG,54,3999,0.0007391931139864028
synthetic,train,train,0.5,Condat-Vu/PDHG,55,3999,0.0004710983484983444
synthetic,train,train,0.5,Condat-Vu/PDHG,56,3999,0.0007535082404501736
synthetic,train,train,0.5,Condat-Vu/PDHG,57,3999,0.0009271950693801045
synthetic,train,train,0.5,Condat-Vu/PDHG,58,3999,0.00034711373155005276
synthetic,train,train,0.5,Condat-Vu/PDHG,59,3999,0.0001575088535901159
synthetic,train,train,0.5,Condat-Vu/PDHG,60,3999,0.0005444803391583264
synthetic,train,train,0.5,Condat-Vu/PDHG,61,3999,6.527677032863721e-05
synthetic,train,train,0.5,Condat-Vu/PDHG,62,3999,0.00041052736924029887
synthetic,train,train,0.5,Condat-Vu/PDHG,63,3999,0.0004080584621988237
